2009.0309,25.59
2009.031,26.87
2009.0311,26.64
2009.0312,26.18
2009.0313,25.73
2009.0316,26.48
2009.0317,26.33
2009.0318,26.87
2009.0319,27.63
2009.032,27.43
2009.0323,27.22
2009.0324,27.59
2009.0325,27.49
2009.0326,27.65
2009.0327,26.75
2009.033,25.99
2009.0331,26.68
2009.0401,27
2009.0402,27.71
2009.0403,27.6
2009.0406,27.65
2009.0407,27.77
2009.0408,28.42
2009.0409,29.01
2009.041,29.005
2009.0413,29.005
2009.0414,29.25
2009.0415,29.39
2009.0416,29.33
2009.0417,29.44
2009.042,29.21
2009.0421,29.23
2009.0422,29.86
2009.0423,30.46
2009.0424,31.12
2009.0427,30.95
2009.0428,30.14
2009.0429,29.5
2009.043,29.03
2009.0501,29.025
2009.0504,29.34
2009.0505,28.23
2009.0506,28.45
2009.0507,28.05
2009.0508,28.64
2009.0511,29.45
2009.0512,29.33
2009.0513,29.86
2009.0514,29.86
2009.0515,29.58
2009.0518,30.7
2009.0519,30.89
2009.052,30.37
2009.0521,29.77
2009.0522,29.9
2009.0525,30.13
2009.0526,30.38
2009.0527,30.23
2009.0528,30.22
2009.0529,30.35
2009.0601,30.8
2009.0602,31.25
2009.0603,31.01
2009.0604,30.29
2009.0605,30.3
2009.0608,30.37
2009.0609,30.43
2009.061,30.02
2009.0611,29.9
2009.0612,29.48
2009.0615,29.05
2009.0616,29.07
2009.0617,28.86
2009.0618,28.84
2009.0619,28.87
2009.0622,28.32
2009.0623,28.05
2009.0624,28.94
2009.0625,28.6
2009.0626,28.19
2009.0629,28.78
2009.063,28.67
2009.0701,28.6
2009.0702,28.08
2009.0703,27.84
2009.0706,27.75
2009.0707,27.32
2009.0708,27.95
2009.0709,28.71
2009.071,28.56
2009.0713,29.28
2009.0714,29.06
2009.0715,29.83
2009.0716,29.89
2009.0717,30.24
2009.072,30.44
2009.0721,30.42
2009.0722,31.08
2009.0723,31.6
2009.0724,31.51
2009.0727,31.55
2009.0728,31.2
2009.0729,31.8
2009.073,32.92
2009.0731,33
2009.0803,33.07
2009.0804,33.5
2009.0805,33.15
2009.0806,33.29
2009.0807,33.45
2009.081,33.42
2009.0811,33.07
2009.0812,33.02
2009.0813,33.14
2009.0814,32.94
2009.0817,32.67
2009.0818,32.65
2009.0819,32.58
2009.082,32.88
2009.0821,33.2
2009.0824,33.42
2009.0825,33.53
2009.0826,33.44
2009.0827,33.87
2009.0828,34.02
2009.0831,34.06
2009.0901,33.87
2009.0902,34.23
2009.0903,33.84
2009.0904,33.92
2009.0907,33.92
2009.0908,33.8
2009.0909,34.19
2009.091,35.1
2009.0911,35.26
2009.0914,35.25
2009.0915,35.09
2009.0916,34.61
2009.0917,34.11
2009.0918,34.14
2009.0921,34.4
2009.0922,34.5
2009.0923,34.15
2009.0924,33.66
2009.0925,33.5
2009.0928,33.2
2009.0929,33.17
2009.093,33.28
2009.1001,33.36
2009.1002,33.07
2009.1005,33.09
2009.1006,33.12
2009.1007,33.4
2009.1008,34.33
2009.1009,34.48
2009.1012,34.76
2009.1013,34.59
2009.1014,35.08
2009.1015,34.8
2009.1016,34.54
2009.1019,35.05
2009.102,34.75
2009.1021,34.97
2009.1022,34.39
2009.1023,34.44
2009.1026,34.1
2009.1027,34.41
2009.1028,31.75
2009.1029,31.58
2009.103,30.8
2009.1102,31.3
2009.1103,31.57
2009.1104,31.75
2009.1105,31.75
2009.1106,31.45
2009.1109,31.5
2009.111,31.42
2009.1111,32.01
2009.1112,32.05
2009.1113,32.3
2009.1116,32.85
2009.1117,32.91
2009.1118,32.8
2009.1119,32.22
2009.112,32.07
2009.1123,32.46
2009.1124,32.23
2009.1125,32.25
2009.1126,31.64
2009.1127,32.09
2009.113,31.82
2009.1201,32.06
2009.1202,31.02
2009.1203,31.04
2009.1204,31.11
2009.1207,30.74
2009.1208,30.42
2009.1209,30.09
2009.121,30.26
2009.1211,30.68
2009.1214,31.09
2009.1215,30.88
2009.1216,31.65
2009.1217,31.56
2009.1218,32.21
2009.1221,32.9
2009.1222,32.75
2009.1223,32.72
2009.1224,32.72
2009.1225,32.72
2009.1228,32.93
2009.1229,32.88
2009.123,33
2009.1231,33
2010.0101,33
2010.0104,32.94
2010.0105,32.65
2010.0106,33.23
2010.0107,34.11
2010.0108,34.35
2010.0111,34.68
2010.0112,34.34
2010.0113,34.7
2010.0114,35.35
2010.0115,34.1
2010.0118,33.94
2010.0119,34.38
2010.012,34
2010.0121,33.39
2010.0122,33.1
2010.0125,32.65
2010.0126,32.72
2010.0127,32.75
2010.0128,32.18
2010.0129,33.08
2010.0201,33.59
2010.0202,33.8
2010.0203,34.05
2010.0204,33.8
2010.0205,33.39
2010.0208,32.56
2010.0209,31.76
2010.021,31.74
2010.0211,31.12
2010.0212,31.31
2010.0215,31.4
2010.0216,32.16
2010.0217,32.37
2010.0218,32.4
2010.0219,32.91
2010.0222,32.52
2010.0223,32.32
2010.0224,32.7
2010.0225,32.31
2010.0226,32.76
2010.0301,33.45
2010.0302,33.87
2010.0303,33.62
2010.0304,33.84
2010.0305,34.08
2010.0308,33.97
2010.0309,34
2010.031,34.02
2010.0311,33.7
2010.0312,33.5
2010.0315,33.44
2010.0316,33.64
2010.0317,34.5
2010.0318,34.6
2010.0319,34.4
2010.0322,34.9
2010.0323,35.22
2010.0324,35.34
2010.0325,35.76
2010.0326,35.29
2010.0329,35.68
2010.033,35.61
2010.0331,35.86
2010.0401,36.37
2010.0406,36.04
2010.0407,35.99
2010.0408,35.94
2010.0409,36
2010.0412,36.04
2010.0413,35.86
2010.0414,36.3
2010.0415,36.58
2010.0416,36
2010.0419,35.86
2010.042,36.19
2010.0421,36.32
2010.0422,36.4
2010.0423,37
2010.0426,37.34
2010.0427,36.85
2010.0428,35.77
2010.0429,35.99
2010.043,36.23
2010.0503,36.1
2010.0504,35.75
2010.0505,35.68
2010.0506,35.62
2010.0507,34.6
2010.051,35.46
2010.0511,35.65
2010.0512,36.05
2010.0513,35.67
2010.0514,35.15
2010.0517,35.08
2010.0518,35.41
2010.0519,35.14
2010.052,34.86
2010.0521,34.39
2010.0524,34.49
2010.0525,33.97
2010.0526,34.48
2010.0527,34.7
2010.0528,34.69
2010.0531,35.23
2010.0601,35.84
2010.0602,35.97
2010.0603,36.55
2010.0604,36.25
2010.0607,36.15
2010.0608,35.93
2010.0609,36.24
2010.061,36.22
2010.0611,36.3
2010.0614,36.57
2010.0615,36.7
2010.0616,36.93
2010.0617,37.44
2010.0618,37.58
2010.0621,37.58
2010.0622,37.68
2010.0623,37.48
2010.0624,37.17
2010.0625,37.13
2010.0628,37.35
2010.0629,36.8
2010.063,36.68
2010.0701,36.44
2010.0702,35.86
2010.0705,35.7
2010.0706,36.65
2010.0707,36.97
2010.0708,36.8
2010.0709,37.22
2010.0712,37.28
2010.0713,37.46
2010.0714,37.86
2010.0715,37.5
2010.0716,37.25
2010.0719,37.2
2010.072,36.78
2010.0721,36.8
2010.0722,37.25
2010.0723,37.35
2010.0726,37.27
2010.0727,36.43
2010.0728,35.97
2010.0729,35.5
2010.073,35.04
2010.0802,35.42
2010.0803,35
2010.0804,35.4
2010.0805,35.54
2010.0806,35.03
2010.0809,35.61
2010.081,35.54
2010.0811,34.98
2010.0812,34.97
2010.0813,34.86
2010.0816,34.91
2010.0817,35.37
2010.0818,35.32
2010.0819,35.13
2010.082,35
2010.0823,35.22
2010.0824,34.92
2010.0825,34.76
2010.0826,34.73
2010.0827,34.79
2010.083,34.65
2010.0831,34.46
2010.0901,35.19
2010.0902,35.33
2010.0903,35.69
2010.0906,35.66
2010.0907,35.3
2010.0908,35.45
2010.0909,36.36
2010.091,35.79
2010.0913,36.1
2010.0914,36.73
2010.0915,36.59
2010.0916,36.6
2010.0917,36.96
2010.092,37.08
2010.0921,37.09
2010.0922,36.45
2010.0923,36.64
2010.0924,36.79
2010.0927,36.97
2010.0928,36.81
2010.0929,36.48
2010.093,36.29
2010.1001,36.59
2010.1004,36.18
2010.1005,36.74
2010.1006,36.59
2010.1007,36.6
2010.1008,36.73
2010.1011,36.86
2010.1012,37.28
2010.1013,37.95
2010.1014,38.09
2010.1015,38.16
2010.1018,37.74
2010.1019,37.35
2010.102,37.27
2010.1021,37.7
2010.1022,38.04
2010.1025,38.18
2010.1026,38.3
2010.1027,37.23
2010.1028,37.09
2010.1029,37.47
2010.1101,37.2
2010.1102,37.39
2010.1103,36.93
2010.1104,37.08
2010.1105,37.31
2010.1108,37.28
2010.1109,37.39
2010.111,37.04
2010.1111,36.93
2010.1112,36.74
2010.1115,36.7
2010.1116,36.2
2010.1117,36.26
2010.1118,36.67
2010.1119,36.55
2010.1122,36.26
2010.1123,36.2
2010.1124,35.84
2010.1125,36.26
2010.1126,36.51
2010.1129,35.91
2010.113,35.94
2010.1201,36.24
2010.1202,36.3
2010.1203,36.67
2010.1206,36.62
2010.1207,37
2010.1208,36.67
2010.1209,36.83
2010.121,36.9
2010.1213,37.14
2010.1214,37.34
2010.1215,37.3
2010.1216,37.4
2010.1217,38
2010.122,37.7
2010.1221,38.28
2010.1222,38.22
2010.1223,38.37
2010.1227,38.3
2010.1228,38.38
2010.1229,38.4
2010.123,38.1
2011.0103,38.22
2011.0104,38.19
2011.0105,38.12
2011.0106,38.18
2011.0107,38.08
2011.011,37.45
2011.0111,38.62
2011.0112,39.05
2011.0113,40.4
2011.0114,40.18
2011.0117,40.86
2011.0118,40.59
2011.0119,40.57
2011.012,40.25
2011.0121,40.13
2011.0124,40.47
2011.0125,40.57
2011.0126,41.13
2011.0127,41.77
2011.0128,42.15
2011.0131,42.22
2011.0201,42.55
2011.0202,43.01
2011.0203,42.87
2011.0204,43.21
2011.0207,43.55
2011.0208,43.41
2011.0209,43.28
2011.021,43.7
2011.0211,44.37
2011.0214,44.67
2011.0215,43.85
2011.0216,44.45
2011.0217,44.51
2011.0218,44.24
2011.0221,43.32
2011.0222,43.72
2011.0223,43.12
2011.0224,42.88
2011.0225,43.33
2011.0228,43.72
2011.0301,43.7
2011.0302,43.67
2011.0303,44.1
2011.0304,44.05
2011.0307,43.77
2011.0308,43.37
2011.0309,42.72
2011.031,43.15
2011.0311,42.33
2011.0314,41.82
2011.0315,40.41
2011.0316,39.6
2011.0317,40.08
2011.0318,40.73
2011.0321,41.21
2011.0322,40.89
2011.0323,41.01
2011.0324,42.16
2011.0325,42.95
2011.0328,42.91
2011.0329,42.95
2011.033,43.49
2011.0331,43.2
2011.0401,43.76
2011.0404,43.8
2011.0405,44.2
2011.0406,43.82
2011.0407,43.8
2011.0408,44.19
2011.0411,44.3
2011.0412,43.5
2011.0413,44.05
2011.0414,44
2011.0415,44.42
2011.0418,43.79
2011.0419,44.27
2011.042,44.97
2011.0421,45.85
2011.0426,45.9
2011.0427,45.68
2011.0428,43.09
2011.0429,43.5
2011.0502,43.92
2011.0503,43.75
2011.0504,43.2
2011.0505,42.97
2011.0506,43.39
2011.0509,43.69
2011.051,44.26
2011.0511,44.62
2011.0512,44.56
2011.0513,44.49
2011.0516,44.4
2011.0517,43.6
2011.0518,43.75
2011.0519,44.09
2011.052,43.6
2011.0523,42.93
2011.0524,42.98
2011.0525,43.11
2011.0526,42.27
2011.0527,42.32
2011.053,42.55
2011.0531,43.17
2011.0601,42.89
2011.0602,42
2011.0603,42.17
2011.0606,42.07
2011.0607,42.19
2011.0608,41.73
2011.0609,42.22
2011.061,41.75
2011.0613,41.89
2011.0614,42.79
2011.0615,42.21
2011.0616,42.14
2011.0617,42.33
2011.062,42.34
2011.0621,43.05
2011.0622,42.34
2011.0623,41.25
2011.0624,41.09
2011.0627,41.09
2011.0628,41.07
2011.0629,41.33
2011.063,41.75
2011.0701,41.8
2011.0704,42
2011.0705,42.03
2011.0706,42.09
2011.0707,43.55
2011.0708,43.04
2011.0711,42.53
2011.0712,41.93
2011.0713,42.05
2011.0714,40.86
2011.0715,40.8
2011.0718,40.38
2011.0719,41.1
2011.072,41.21
2011.0721,41.52
2011.0722,42.16
2011.0725,42
2011.0726,43.49
2011.0727,44.02
2011.0728,43.95
2011.0729,43.65
2011.0801,42.77
2011.0802,42.05
2011.0803,41.52
2011.0804,40.24
2011.0805,39.28
2011.0808,37.05
2011.0809,37.4
2011.081,35.45
2011.0811,36.25
2011.0812,37.24
2011.0815,36.99
2011.0816,37.19
2011.0817,36.39
2011.0818,34.26
2011.0819,34.26
2011.0822,34.42
2011.0823,35.25
2011.0824,36.37
2011.0825,35.98
2011.0826,36.36
2011.0829,37.15
2011.083,37.14
2011.0831,38
2011.0901,37.85
2011.0902,37
2011.0905,35.44
2011.0906,35.79
2011.0907,37.24
2011.0908,37.19
2011.0909,36.29
2011.0912,35.6
2011.0913,35.67
2011.0914,36.08
2011.0915,36.8
2011.0916,37.24
2011.0919,36.5
2011.092,37.35
2011.0921,37.32
2011.0922,36.28
2011.0923,35.83
2011.0926,36.4
2011.0927,37.84
2011.0928,38.32
2011.0929,38.53
2011.093,38.32
2011.1003,37.48
2011.1004,36.87
2011.1005,38.26
2011.1006,38.98
2011.1007,39.34
2011.101,40
2011.1011,40.16
2011.1012,40.55
2011.1013,40.55
2011.1014,41.4
2011.1017,41.46
2011.1018,41.88
2011.1019,41.85
2011.102,41.57
2011.1021,42.33
2011.1024,42.59
2011.1025,42.84
2011.1026,43.48
2011.1027,43.7
2011.1028,43.92
2011.1031,43.63
2011.1101,42.86
2011.1102,43.69
2011.1103,44.31
2011.1104,44.07
2011.1107,43.82
2011.1108,44.39
2011.1109,43.7
2011.111,43.68
2011.1111,44.35
2011.1114,44.04
2011.1115,44.14
2011.1116,44.23
2011.1117,44.13
2011.1118,43.52
2011.1121,42.85
2011.1122,42.33
2011.1123,41.95
2011.1124,41.7
2011.1125,41.78
2011.1128,42.82
2011.1129,42.84
2011.113,44.38
2011.1201,44.57
2011.1202,44.72
2011.1205,43.61
2011.1206,43.79
2011.1207,43.65
2011.1208,43.5
2011.1209,43.81
2011.1212,43.36
2011.1213,43.42
2011.1214,43.13
2011.1215,43.35
2011.1216,42.25
2011.1219,42.14
2011.122,42.5
2011.1221,39.92
2011.1222,40.52
2011.1223,40.56
2011.1227,40.75
2011.1228,40.29
2011.1229,40.7
2011.123,40.85
2012.0102,41.66
2012.0103,41.8
2012.0104,41.83
2012.0105,42.15
2012.0106,42.2
2012.0109,42.67
2012.011,42.07
2012.0111,41.84
2012.0112,41.45
2012.0113,42.94
2012.0116,43.53
2012.0117,43.86
2012.0118,44.44
2012.0119,44.04
2012.012,44
2012.0123,44.2
2012.0124,44.39
2012.0125,44.5
2012.0126,45.46
2012.0127,45.75
2012.013,45.87
2012.0131,46.19
2012.0201,46.81
2012.0202,47.31
2012.0203,48.17
2012.0206,48.09
2012.0207,48
2012.0208,47.84
2012.0209,47.89
2012.021,47.87
2012.0213,47.85
2012.0214,48.43
2012.0215,48.67
2012.0216,48.92
2012.0217,48.99
2012.022,49.62
2012.0221,49.65
2012.0222,49.43
2012.0223,49.57
2012.0224,50.29
2012.0227,50.04
2012.0228,50.6
2012.0229,50.65
2012.0301,51.08
2012.0302,51.2
2012.0305,51.39
2012.0306,50.75
2012.0307,50.79
2012.0308,51.8
2012.0309,52.4
2012.0312,52.7
2012.0313,53.48
2012.0314,53.88
2012.0315,54.51
2012.0316,54.51
2012.0319,54.43
2012.032,54
2012.0321,54.06
2012.0322,53.5
2012.0323,53.01
2012.0326,53.11
2012.0327,53.09
2012.0328,52.86
2012.0329,52.25
2012.033,52.36
2012.0402,53.21
2012.0403,52.44
2012.0404,51.25
2012.0405,50.78
2012.041,50.05
2012.0411,50.43
2012.0412,50.67
2012.0413,49.94
2012.0416,49
2012.0417,49.5
2012.0418,49.66
2012.0419,49.31
2012.042,49.64
2012.0423,48.69
2012.0424,49.29
2012.0425,50
2012.0426,50.51
2012.0427,50.51
2012.043,50.09
2012.0502,49.86
2012.0503,49.53
2012.0504,48.12
2012.0507,48.11
2012.0508,47.25
2012.0509,48.02
2012.051,48.01
2012.0511,48.87
2012.0514,48.81
2012.0515,48.12
2012.0516,47.84
2012.0517,47.51
2012.0518,46.39
2012.0521,46.82
2012.0522,47.81
2012.0523,47.38
2012.0524,46.17
2012.0525,45.79
2012.0528,46.17
2012.0529,46.75
2012.053,45.93
2012.0531,46.4
2012.0601,44.69
2012.0604,44.16
2012.0605,44.35
2012.0606,45.43
2012.0607,45.38
2012.0608,45.51
2012.0611,46.22
2012.0612,46.02
2012.0613,46.05
2012.0614,45.67
2012.0615,46.47
2012.0618,46.7
2012.0619,47.68
2012.062,47.67
2012.0621,46.4
2012.0622,45.74
2012.0625,45.05
2012.0626,45.14
2012.0627,45.76
2012.0628,44.97
2012.0629,46.55
2012.0702,47.54
2012.0703,47.87
2012.0704,47.6
2012.0705,47.66
2012.0706,45.55
2012.0709,44.71
2012.071,45.35
2012.0711,46.27
2012.0712,47.5
2012.0713,48.9
2012.0716,49.03
2012.0717,49.05
2012.0718,50.48
2012.0719,51
2012.072,50.58
2012.0723,49.06
2012.0724,50.77
2012.0725,50.44
2012.0726,51.41
2012.0727,52.22
2012.073,52.3
2012.0731,51.86
2012.0801,51.56
2012.0802,51.26
2012.0803,52.59
2012.0806,52.9
2012.0807,52.38
2012.0808,52.55
2012.0809,52.59
2012.081,51.65
2012.0813,51.79
2012.0814,52.35
2012.0815,52.07
2012.0816,51.94
2012.0817,51.99
2012.082,52.46
2012.0821,52.86
2012.0822,51.97
2012.0823,51.38
2012.0824,51.69
2012.0827,52.54
2012.0828,51.78
2012.0829,52.04
2012.083,51.52
2012.0831,52.41
2012.0903,53.03
2012.0904,52.38
2012.0905,53.15
2012.0906,53.93
2012.0907,53.79
2012.091,53.51
2012.0911,53.7
2012.0912,54.4
2012.0913,54.5
2012.0914,54.9
2012.0917,54.9
2012.0918,55.72
2012.0919,56
2012.092,55.99
2012.0921,56.3
2012.0924,56.04
2012.0925,56.69
2012.0926,55.11
2012.0927,55.21
2012.0928,55.11
2012.1001,55.11
2012.1002,54.81
2012.1003,55.05
2012.1004,54.24
2012.1005,55.03
2012.1008,55.03
2012.1009,54.6
2012.101,53.5
2012.1011,54.01
2012.1012,54.19
2012.1015,54.85
2012.1016,55.48
2012.1017,54.8
2012.1018,54.75
2012.1019,54.4
2012.1022,53.19
2012.1023,52.86
2012.1024,55.07
2012.1025,55
2012.1026,55.24
2012.1029,55.52
2012.103,56.27
2012.1031,56.2
2012.1101,56.84
2012.1102,57.09
2012.1105,56.74
2012.1106,57.34
2012.1107,56.16
2012.1108,56.22
2012.1109,55.66
2012.1112,55.67
2012.1113,56.45
2012.1114,56.14
2012.1115,55.35
2012.1116,55.51
2012.1119,57.15
2012.112,57.66
2012.1121,58.82
2012.1122,59.11
2012.1123,59.63
2012.1126,59.52
2012.1127,59.68
2012.1128,59.75
2012.1129,60.18
2012.113,60.04
2012.1203,60.83
2012.1204,61.15
2012.1205,60.57
2012.1206,61.01
2012.1207,61.23
2012.121,61.21
2012.1211,61.43
2012.1212,61.28
2012.1213,60.48
2012.1214,60.95
2012.1217,61
2012.1218,60.7
2012.1219,61.02
2012.122,61.1
2012.1221,60.34
2012.1227,60.74
2012.1228,60.69
2013.0102,62.08
2013.0103,62
2013.0104,61.47
2013.0107,60.95
2013.0108,60.65
2013.0109,61.02
2013.011,60.61
2013.0111,61.32
2013.0114,61.06
2013.0115,58.7
2013.0116,59.02
2013.0117,58.13
2013.0118,58.05
2013.0121,58.4
2013.0122,57.82
2013.0123,59.2
2013.0124,58.9
2013.0125,60.04
2013.0128,59.98
2013.0129,60.29
2013.013,60.28
2013.0131,60.34
2013.0201,60.91
2013.0204,60.05
2013.0205,60.2
2013.0206,59.16
2013.0207,59.2
2013.0208,59.53
2013.0211,58.99
2013.0212,59.9
2013.0213,59.95
2013.0214,59.77
2013.0215,59.78
2013.0218,59.37
2013.0219,59.8
2013.022,59.97
2013.0221,59.09
2013.0222,59.55
2013.0225,60.52
2013.0226,59.01
2013.0227,59.49
2013.0228,59.85
2013.0301,60.35
2013.0304,60.95
2013.0305,62.58
2013.0306,63.42
2013.0307,63.8
2013.0308,63.81
2013.0311,64
2013.0312,63.61
2013.0313,63.95
2013.0314,64.79
2013.0315,64.8
2013.0318,64.4
2013.0319,64.25
2013.032,64.31
2013.0321,62.96
2013.0322,62.5
2013.0325,62.21
2013.0326,61.96
2013.0327,61.65
2013.0328,62.5
2013.0402,63.12
2013.0403,62.8
2013.0404,61.72
2013.0405,59.92
2013.0408,60.01
2013.0409,59.22
2013.041,59.78
2013.0411,59.78
2013.0412,59.3
2013.0415,58.93
2013.0416,59.43
2013.0417,58.88
2013.0418,59.63
2013.0419,57.85
2013.0422,57.11
2013.0423,57.74
2013.0424,59.53
2013.0425,60.42
2013.0426,59.75
2013.0429,59.96
2013.043,60.31
2013.0502,60.3
2013.0503,61.82
2013.0506,62.03
2013.0507,62.52
2013.0508,62.84
2013.0509,62.81
2013.051,63.3
2013.0513,63.36
2013.0514,64.03
2013.0515,64.05
2013.0516,62.98
2013.0517,62.73
2013.052,62.55
2013.0521,62
2013.0522,62
2013.0523,60.64
2013.0524,58.68
2013.0527,59.89
2013.0528,60.2
2013.0529,58.79
2013.053,58.68
2013.0531,58.03
2013.0603,57.91
2013.0604,58.42
2013.0605,57.2
2013.0606,57.19
2013.0607,58.02
2013.061,58.39
2013.0611,57.65
2013.0612,57.41
2013.0613,57.24
2013.0614,57.26
2013.0617,58.2
2013.0618,57.74
2013.0619,57.57
2013.062,56.63
2013.0621,55.1
2013.0624,54.42
2013.0625,54.88
2013.0626,57.39
2013.0627,58
2013.0628,56.26
2013.0701,55.42
2013.0702,55.5
2013.0703,54.7
2013.0704,55.03
2013.0705,54.5
2013.0708,55.46
2013.0709,56.25
2013.071,55.9
2013.0711,56.7
2013.0712,57.36
2013.0715,57.8
2013.0716,57.52
2013.0717,57.67
2013.0718,57.03
2013.0719,55.73
2013.0722,55.25
2013.0723,55.12
2013.0724,55.7
2013.0725,55.54
2013.0726,55.25
2013.0729,55.14
2013.073,55.62
2013.0731,55.29
2013.0801,55.82
2013.0802,56.31
2013.0805,56.65
2013.0806,57.07
2013.0807,56.58
2013.0808,56.1
2013.0809,56.11
2013.0812,55.88
2013.0813,56.35
2013.0814,57.45
2013.0815,57.17
2013.0816,57.1
2013.0819,56.96
2013.082,56.47
2013.0821,56.29
2013.0822,56.93
2013.0823,57.25
2013.0826,57.8
2013.0827,56.81
2013.0828,56.36
2013.0829,56.53
2013.083,55.93
2013.0902,56.11
2013.0903,55.09
2013.0904,54.2
2013.0905,53.42
2013.0906,53.81
2013.0909,54
2013.091,54.69
2013.0911,54.4
2013.0912,55.15
2013.0913,54.74
2013.0916,54.9
2013.0917,54.82
2013.0918,55.29
2013.0919,55.6
2013.092,55.45
2013.0923,54.84
2013.0924,55.41
2013.0925,56.03
2013.0926,55.45
2013.0927,55.19
2013.093,54.67
2013.1001,54.9
2013.1002,54.79
2013.1003,54.52
2013.1004,54.11
2013.1007,52.9
2013.1008,52.55
2013.1009,52.2
2013.101,53.5
2013.1011,53.98
2013.1014,53.82
2013.1015,53.85
2013.1016,53.82
2013.1017,53.31
2013.1018,53.51
2013.1021,56.06
2013.1022,57.07
2013.1023,56.85
2013.1024,57
2013.1025,57.62
2013.1028,57.89
2013.1029,57.7
2013.103,57.6
2013.1031,57.86
2013.1101,57.85
2013.1104,57.85
2013.1105,57.6
2013.1106,58.62
2013.1107,58.9
2013.1108,58.99
2013.1111,59.88
2013.1112,59.52
2013.1113,59.4
2013.1114,59.94
2013.1115,60.9
2013.1118,60.98
2013.1119,60.64
2013.112,60.81
2013.1121,60.2
2013.1122,60.26
2013.1125,61.08
2013.1126,60.95
2013.1127,61.27
2013.1128,61.6
2013.1129,60.95
2013.1202,60.5
2013.1203,59.83
2013.1204,59.63
2013.1205,59.39
2013.1206,59.97
2013.1209,59.74
2013.121,59.26
2013.1211,59.41
2013.1212,58.54
2013.1213,58.85
2013.1216,59.67
2013.1217,58.98
2013.1218,59.44
2013.1219,61.02
2013.122,61.45
2013.1223,61.84
2013.1227,62.08
2013.123,62.31
2014.0102,61.67
2014.0103,61.71
2014.0106,62
2014.0107,61.51
2014.0108,62.55
2014.0109,61.75
2014.011,61
2014.0113,61.21
2014.0114,60.36
2014.0115,60.98
2014.0116,60.8
2014.0117,60.68
2014.012,60.65
2014.0121,59.62
2014.0122,58.94
2014.0123,58
2014.0124,56.78
2014.0127,57.2
2014.0128,56.47
2014.0129,56.73
2014.013,56.93
2014.0131,56.66
2014.0203,55.94
2014.0204,55.87
2014.0205,55.28
2014.0206,56.02
2014.0207,56.07
2014.021,55.97
2014.0211,57.21
2014.0212,57.52
2014.0213,57.7
2014.0214,58.25
2014.0217,58.3
2014.0218,58.5
2014.0219,58.34
2014.022,57.91
2014.0221,58.09
2014.0224,58.22
2014.0225,58.33
2014.0226,58.5
2014.0227,58.08
2014.0228,58.52
2014.0303,56.6
2014.0304,57.65
2014.0305,57.13
2014.0306,57.29
2014.0307,56.37
2014.031,55.81
2014.0311,55.95
2014.0312,55.3
2014.0313,54.4
2014.0314,54.31
2014.0317,55.56
2014.0318,55.95
2014.0319,56.01
2014.032,55.85
2014.0321,56.6
2014.0324,56.12
2014.0325,56.8
2014.0326,57.48
2014.0327,58.3
2014.0328,58.7
2014.0331,58.76
2014.0401,58.98
2014.0402,58.83
2014.0403,58.99
2014.0404,59.15
2014.0407,58.17
2014.0408,58.22
2014.0409,58.4
2014.041,58.3
2014.0411,56.96
2014.0414,57.6
2014.0415,57.5
2014.0416,58.43
2014.0417,57.73
2014.0422,57.9
2014.0423,57.6
2014.0424,57.48
2014.0425,56.34
2014.0428,56.74
2014.0429,57.71
2014.043,58.04
2014.0502,57.77
2014.0505,56.74
2014.0506,56.29
2014.0507,56.05
2014.0508,55.47
2014.0509,54.84
2014.0512,55.9
2014.0513,56.01
2014.0514,56.27
2014.0515,55.4
2014.0516,55.1
2014.0519,54.8
2014.052,54.84
2014.0521,55.44
2014.0522,54.41
2014.0523,54.54
2014.0526,55.1
2014.0527,55.79
2014.0528,56.06
2014.0529,56.09
2014.053,56.16
2014.0602,55.8
2014.0603,55.99
2014.0604,55.61
2014.0605,55.5
2014.0606,55.15
2014.0609,55.32
2014.061,55.56
2014.0611,55.4
2014.0612,55.67
2014.0613,56.17
2014.0616,56.66
2014.0617,56.98
2014.0618,57.36
2014.0619,57.6
2014.062,57.24
2014.0623,57.12
2014.0624,57.31
2014.0625,56.7
2014.0626,56.3
2014.0627,56.32
2014.063,56.4
2014.0701,56.53
2014.0702,56.82
2014.0703,57.6
2014.0704,57.74
2014.0707,57.94
2014.0708,57.35
2014.0709,57.53
2014.071,56.97
2014.0711,57.06
2014.0714,58.08
2014.0715,57.55
2014.0716,58
2014.0717,59.37
2014.0718,60.2
2014.0721,60.02
2014.0722,60.74
2014.0723,61.12
2014.0724,60.7
2014.0725,59.9
2014.0728,59.82
2014.0729,60.01
2014.073,59.74
2014.0731,58.86
2014.0801,57.57
2014.0804,57.04
2014.0805,58.18
2014.0806,57.67
2014.0807,57.45
2014.0808,56.94
2014.0811,58.01
2014.0812,57.48
2014.0813,57.64
2014.0814,57.57
2014.0815,56.6
2014.0818,57.75
2014.0819,58.53
2014.082,58.27
2014.0821,58.69
2014.0822,58.4
2014.0825,59.66
2014.0826,59.92
2014.0827,59.87
2014.0828,59.17
2014.0829,59.2
2014.0901,59.5
2014.0902,59.8
2014.0903,59.28
2014.0904,59.99
2014.0905,59.96
2014.0908,60.66
2014.0909,60.1
2014.091,59.97
2014.0911,59.87
2014.0912,59.86
2014.0915,59.96
2014.0916,59.54
2014.0917,59.39
2014.0918,59.89
2014.0919,57.63
2014.0922,57.98
2014.0923,57.4
2014.0924,57.57
2014.0925,56.77
2014.0926,57.31
2014.0929,57.09
2014.093,57.1
2014.1001,56.6
2014.1002,55.99
2014.1006,56.55
2014.1007,55.92
2014.1008,53.75
2014.1009,54.65
2014.101,54.56
2014.1013,54.17
2014.1014,54.25
2014.1015,52.56
2014.1016,51.94
2014.1017,54.01
2014.102,50.9
2014.1021,51.87
2014.1022,51
2014.1023,52.36
2014.1024,51.64
2014.1027,51.44
2014.1028,52.36
2014.1029,52.14
2014.103,52.66
2014.1031,54.24
2014.1103,53.57
2014.1104,52.96
2014.1105,53.9
2014.1106,54.45
2014.1107,53.6
2014.111,54.09
2014.1111,54.1
2014.1112,53.18
2014.1113,53.3
2014.1114,53.44
2014.1117,53.98
2014.1118,54.74
2014.1119,54.79
2014.112,54.88
2014.1121,56.08
2014.1124,56.56
2014.1125,56.9
2014.1126,56.86
2014.1127,56.77
2014.1128,56.68
2014.1201,57.02
2014.1202,56.93
2014.1203,56.63
2014.1204,55.59
2014.1205,56.94
2014.1208,57.1
2014.1209,56.08
2014.121,55.8
2014.1211,57.09
2014.1212,55.59
2014.1215,53.96
2014.1216,54.86
2014.1217,54.85
2014.1218,56.93
2014.1219,57.86
2014.1222,57.85
2014.1223,58.25
2014.1229,58.73
2014.123,58.26
2015.0102,58.26
2015.0105,56.34
2015.0106,55.07
2015.0107,54.87
2015.0108,56.07
2015.0109,54.53
2015.0112,57.05
2015.0113,57.48
2015.0114,56.47
2015.0115,57.8
2015.0116,57.57
2015.0119,57.51
2015.012,54.87
2015.0121,55.21
2015.0122,56.13
2015.0123,57.49
2015.0126,58.26
2015.0127,57.6
2015.0128,57.31
2015.0129,57.79
2015.013,57.86
2015.0202,58.7
2015.0203,59.12
2015.0204,59.6
2015.0205,59.68
2015.0206,59.2
2015.0209,58.81
2015.021,59.12
2015.0211,59.15
2015.0212,60.33
2015.0213,60.69
2015.0216,60.69
2015.0217,60.48
2015.0218,60.53
2015.0219,60.77
2015.022,60.93
2015.0223,61.73
2015.0224,61.78
2015.0225,61.88
2015.0226,62.57
2015.0227,62.84
2015.0302,63.35
2015.0303,62.79
2015.0304,63.07
2015.0305,63.59
2015.0306,63.47
2015.0309,63.02
2015.031,62.6
2015.0311,63.75
2015.0312,63.8
2015.0313,64.7
2015.0316,65.49
2015.0317,65.12
2015.0318,65.53
2015.0319,66.1
2015.032,67.1
2015.0323,66.9
2015.0324,67.6
2015.0325,66.06
2015.0326,65.95
2015.0327,66.35
2015.033,67.36
2015.0331,67.53
2015.0401,67.4
2015.0402,67.07
2015.0407,67.7
2015.0408,67.35
2015.0409,68.1
2015.041,69.05
2015.0413,69.13
2015.0414,68.79
2015.0415,68.76
2015.0416,67.74
2015.0417,66.61
2015.042,67.41
2015.0421,68.94
2015.0422,69.14
2015.0423,68.91
2015.0424,69.12
2015.0427,70.72
2015.0428,69.81
2015.0429,68.62
2015.043,67.93
2015.0504,68.46
2015.0505,66.75
2015.0506,66.29
2015.0507,67.18
2015.0508,67.92
2015.0511,67.99
2015.0512,67.02
2015.0513,66.82
2015.0514,67.83
2015.0515,67.48
2015.0518,68.02
2015.0519,69.06
2015.052,69.19
2015.0521,68.3
2015.0522,68.02
2015.0526,67.3
2015.0527,68.15
2015.0528,68.12
2015.0529,67.39
2015.0601,67.6
2015.0602,67.2
2015.0603,67.36
2015.0604,66.82
2015.0605,66.31
2015.0608,65.65
2015.0609,64.83
2015.061,65.3
2015.0611,66.02
2015.0612,65.41
2015.0615,64.26
2015.0616,64.7
2015.0617,64.51
2015.0618,64.1
2015.0619,63.99
2015.0622,66.29
2015.0623,66.64
2015.0624,66.08
2015.0625,66
2015.0626,65.67
2015.0629,63.62
2015.063,62.6
2015.0701,63.63
2015.0702,63
2015.0703,62.46
2015.0706,61.58
2015.0707,61.29
2015.0708,62.39
2015.0709,63.72
2015.071,64.81
2015.0713,66.21
2015.0714,66.65
2015.0715,67.24
2015.0716,68.69
2015.0717,68.4
2015.072,68.77
2015.0721,67.8
2015.0722,66.83
2015.0723,67.07
2015.0724,66.49
2015.0727,64.77
2015.0728,65.12
2015.0729,65.13
2015.073,65.47
2015.0731,65.26
2015.0803,65.67
2015.0804,65.95
2015.0805,66.79
2015.0806,66.54
2015.0807,65.54
2015.081,66.38
2015.0811,64.89
2015.0812,63.25
2015.0813,63.45
2015.0814,63.21
2015.0817,63.05
2015.0818,63
2015.0819,62.76
2015.082,61.76
2015.0821,59.96
2015.0824,56.9
2015.0825,60.27
2015.0826,58.29
2015.0827,60.02
2015.0828,60.17
2015.0831,59.99
2015.0901,58.71
2015.0902,58.39
2015.0903,59.83
2015.0904,58.22
2015.0907,58.46
2015.0908,58.86
2015.0909,59
2015.091,58.35
2015.0911,57.94
2015.0914,58.16
2015.0915,58.17
2015.0916,59.16
2015.0917,59.09
2015.0918,57.56
2015.0921,58.13
2015.0922,56.55
2015.0923,56.55
2015.0924,55.89
2015.0925,57.32
2015.0928,56.79
2015.0929,56.78
2015.093,57.95
2015.1001,57.12
2015.1002,57.69
2015.1005,59.29
2015.1006,59.89
2015.1007,59.49
2015.1008,59.47
2015.1009,60.42
2015.1012,60.51
2015.1013,63.75
2015.1014,63.41
2015.1015,65.13
2015.1016,66.12
2015.1019,66.15
2015.102,66.5
2015.1021,67.56
2015.1022,68.91
2015.1023,69.92
2015.1026,70.13
2015.1027,69.93
2015.1028,70.85
2015.1029,71.15
2015.103,71.88
2015.1102,72.33
2015.1103,73.42
2015.1104,73.08
2015.1105,73.75
2015.1106,73.14
2015.1109,72.93
2015.111,72.8
2015.1111,73.94
2015.1112,73.54
2015.1113,72.99
2015.1116,72.46
2015.1117,73.86
2015.1118,73.96
2015.1119,74.8
2015.112,74.85
2015.1123,74.32
2015.1124,73.59
2015.1125,74.41
2015.1126,74.74
2015.1127,74.54
2015.113,74.59
2015.1201,74.73
2015.1202,74.75
2015.1203,72.44
2015.1204,71.76
2015.1207,72.85
2015.1208,72.4
2015.1209,71.71
2015.121,71.86
2015.1211,70.55
2015.1214,69.4
2015.1215,71.63
2015.1216,71.18
2015.1217,72.93
2015.1218,72.28
2015.1221,71.82
2015.1222,71.75
2015.1223,73
2015.1224,73
2015.1225,73
2015.1228,72.86
2015.1229,74.12
2015.123,73.38
2015.1231,73.38
2016.0101,73.38
2016.0104,70.58
2016.0105,71.43
2016.0106,72.05
2016.0107,71.34
2016.0108,71.05
2016.0111,71.6
2016.0112,74.25
2016.0113,73.73
2016.0114,73.03
2016.0115,70.68
2016.0118,71.22
2016.0119,72.29
2016.012,70.96
2016.0121,71.71
2016.0122,72
2016.0125,72.68
2016.0126,72.49
2016.0127,73.38
2016.0128,71.01
2016.0129,73.19
2016.0201,73.19
2016.0202,71.79
2016.0203,70.85
2016.0204,69.9
2016.0205,67.96
2016.0208,65.98
2016.0209,66.38
2016.021,67.06
2016.0211,64.9
2016.0212,65.29
2016.0215,67.14
2016.0216,67.16
2016.0217,68.6
2016.0218,69.25
2016.0219,69.58
2016.0222,70.5
2016.0223,69.94
2016.0224,68
2016.0225,69.91
2016.0226,70.24
2016.0229,69.94
2016.0301,71.13
2016.0302,71.17
2016.0303,69.56
2016.0304,69.89
2016.0307,69.57
2016.0308,69.38
2016.0309,69.77
2016.031,68.62
2016.0311,69.97
2016.0314,71.07
2016.0315,71.25
2016.0316,71.52
2016.0317,70.58
2016.0318,71.03
2016.0321,70.7
2016.0322,71.07
2016.0323,71.45
2016.0324,70.84
2016.0328,70.84
2016.0329,70.83
2016.033,71.16
2016.0331,71.1
2016.0401,70.07
2016.0404,70.04
2016.0405,68.78
2016.0406,69.12
2016.0407,68.19
2016.0408,67.51
2016.0411,67.42
2016.0412,68.45
2016.0413,69.38
2016.0414,69.96
2016.0415,69.7
2016.0418,70.05
2016.0419,71.03
2016.042,71.09
2016.0421,71.11
2016.0422,71.24
2016.0425,70.8
2016.0426,70.23
2016.0427,71.12
2016.0428,70.64
2016.0429,68.32
2016.0502,68.92
2016.0503,67.99
2016.0504,67.3
2016.0505,67.58
2016.0506,67.37
2016.0509,68.83
2016.051,68.8
2016.0511,68.18
2016.0512,68.5
2016.0513,68.49
2016.0516,68.49
2016.0517,68.22
2016.0518,68.95
2016.0519,68.51
2016.052,69.44
2016.0523,69.75
2016.0524,71.33
2016.0525,72.1
2016.0526,72.62
2016.0527,72.77
2016.053,72.93
2016.0531,72.96
2016.0601,72.62
2016.0602,72.16
2016.0603,71.56
2016.0606,71.47
2016.0607,72.37
2016.0608,71.7
2016.0609,71.33
2016.061,69.66
2016.0613,68.19
2016.0614,67.35
2016.0615,67.68
2016.0616,67.33
2016.0617,67.77
2016.062,69.6
2016.0621,70.27
2016.0622,70.09
2016.0623,71.11
2016.0624,67.11
2016.0627,65.2
2016.0628,66.4
2016.0629,67.72
2016.063,67.16
2016.0701,67.4
2016.0704,67.26
2016.0705,67.01
2016.0706,66.7
2016.0707,67.4
2016.0708,69.37
2016.0711,70.6
2016.0712,70.86
2016.0713,70.4
2016.0714,71.32
2016.0715,71.19
2016.0718,71.73
2016.0719,71.65
2016.072,75.72
2016.0721,76.67
2016.0722,76.64
2016.0725,77.09
2016.0726,77.71
2016.0727,78.2
2016.0728,78.25
2016.0729,78.41
2016.0801,78.41
2016.0802,77.05
2016.0803,77.14
2016.0804,77.2
2016.0805,77.65
2016.0808,77.43
2016.0809,78.84
2016.081,78.65
2016.0811,78.92
2016.0812,78.56
2016.0815,78.77
2016.0816,77.99
2016.0817,77.7
2016.0818,77.68
2016.0819,78.01
2016.0822,77.31
2016.0823,77.78
2016.0824,77.86
2016.0825,77.5
2016.0826,78.08
2016.0829,77.85
2016.083,79.68
2016.0831,78.76
2016.0901,78.8
2016.0902,80.4
2016.0905,80.7
2016.0906,80.36
2016.0907,80.66
2016.0908,80.05
2016.0909,78.85
2016.0912,78.38
2016.0913,78.23
2016.0914,78.54
2016.0915,78.81
2016.0916,77.81
2016.0919,79.05
2016.092,79.77
2016.0921,80.19
2016.0922,82.36
2016.0923,81.63
2016.0926,80.46
2016.0927,80.85
2016.0928,81.36
2016.0929,80.74
2016.093,80.92
2016.1003,80.92
2016.1004,81.47
2016.1005,81.28
2016.1006,81.09
2016.1007,80.13
2016.101,80.82
2016.1011,80.41
2016.1012,79.14
2016.1013,78.6
2016.1014,78.96
2016.1017,78.57
2016.1018,79.87
2016.1019,79.47
2016.102,79.31
2016.1021,81.98
2016.1024,81.43
2016.1025,81.07
2016.1026,80.82
2016.1027,80.7
2016.1028,80.66
2016.1031,80.24
2016.1101,78.52
2016.1102,77.5
2016.1103,76.69
2016.1104,77.1
2016.1107,78.3
2016.1108,78.51
2016.1109,78.53
2016.111,77.38
2016.1111,76.45
2016.1114,75.84
2016.1115,75.97
2016.1116,76.76
2016.1117,77.15
2016.1118,78.29
2016.1121,79.06
2016.1122,79.86
2016.1123,79.7
2016.1124,80.78
2016.1125,80.87
2016.1128,80.17
2016.1129,79.69
2016.113,78.88
2016.1201,77.53
2016.1202,76.94
2016.1205,77.31
2016.1206,77.13
2016.1207,78.14
2016.1208,79.41
2016.1209,79.87
2016.1212,79.56
2016.1213,80.61
2016.1214,80.4
2016.1215,81.44
2016.1216,81.43
2016.1219,82.19
2016.122,82.69
2016.1221,82.51
2016.1222,82.3
2016.1223,82.01
2016.1226,82.03
2016.1227,82.35
2016.1228,82.72
2016.1229,82.7
2016.123,82.81
2017.0102,83.54
2017.0103,82.89
2017.0104,82.43
2017.0105,82.69
2017.0106,83.66
2017.0109,84.34
2017.011,84
2017.0111,83.95
2017.0112,83.58
2017.0113,84.18
2017.0116,83.73
2017.0117,83.47
2017.0118,83.6
2017.0119,83.99
2017.012,83.8
2017.0123,82.87
2017.0124,83.46
2017.0125,84.66
2017.0126,85.02
2017.0127,85.23
2017.013,85.14
2017.0131,84.63
2017.0201,84.1
2017.0202,85.4
2017.0203,85.48
2017.0206,84.77
2017.0207,85.4
2017.0208,85.97
2017.0209,86.28
2017.021,86.28
2017.0213,87.38
2017.0214,87.3
2017.0215,87.17
2017.0216,86.93
2017.0217,86.89
2017.022,87.1
2017.0221,88.17
2017.0222,88.97
2017.0223,89
2017.0224,87.97
2017.0227,87.76
2017.0228,87.95
2017.0301,89.37
2017.0302,89.44
2017.0303,89.28
2017.0306,88.94
2017.0307,89.16
2017.0308,89.53
2017.0309,89.5
2017.031,89.03
2017.0313,89.16
2017.0314,89.36
2017.0315,89.73
2017.0316,90.65
2017.0317,90.95
2017.032,91.07
2017.0321,90.26
2017.0322,90.5
2017.0323,90.95
2017.0324,90.8
2017.0327,89.4
2017.0328,90.61
2017.0329,91.09
2017.033,91.39
2017.0331,91.98
2017.0403,91.91
2017.0404,92.27
2017.0405,91.71
2017.0406,91.43
2017.0407,91.79
2017.041,91.76
2017.0411,91.02
2017.0412,91.49
2017.0413,91.1
2017.0414,91.1
2017.0417,91.1
2017.0418,90.36
2017.0419,90.66
2017.042,90.4
2017.0421,90.92
2017.0424,92.99
2017.0425,93.13
2017.0426,92.45
2017.0427,92.35
2017.0428,92.07
2017.0501,92.1
2017.0502,92.8
2017.0503,92.48
2017.0504,93.21
2017.0505,93.84
2017.0508,94.22
2017.0509,95.2
2017.051,95.04
2017.0511,93.98
2017.0512,94.66
2017.0515,94.21
2017.0516,94.22
2017.0517,93.95
2017.0518,93.75
2017.0519,93.92
2017.0522,94
2017.0523,94.68
2017.0524,94.93
2017.0525,95.04
2017.0526,94.98
2017.0529,95.3
2017.053,95.25
2017.0531,95.3
2017.0601,95.57
2017.0602,96.1
2017.0606,95.65
2017.0607,95.26
2017.0608,95.81
2017.0609,96
2017.0612,92.56
2017.0613,93.59
2017.0614,94.25
2017.0615,93.26
2017.0616,94.4
2017.0619,95.46
2017.062,94.85
2017.0621,95.2
2017.0622,96.01
2017.0623,95.93
2017.0626,95.69
2017.0627,94.35
2017.0628,93.5
2017.0629,90.89
2017.063,91.45
2017.0703,91.18
2017.0704,90.73
2017.0705,91
2017.0706,90.1
2017.0707,90.36
2017.071,91.31
2017.0711,90.33
2017.0712,91.58
2017.0713,91.36
2017.0714,91.34
2017.0717,90.99
2017.0718,89.83
2017.0719,91.33
2017.072,91.11
2017.0721,88.88
2017.0724,88.75
2017.0725,89.11
2017.0726,90.14
2017.0727,90.8
2017.0728,90.3
2017.0731,89.68
2017.0801,90.54
2017.0802,89.63
2017.0803,90.55
2017.0804,91.44
2017.0807,90.66
2017.0808,90.82
2017.0809,89.93
2017.081,88.99
2017.0811,88.43
2017.0814,89.84
2017.0815,90
2017.0816,90.35
2017.0817,89.87
2017.0818,89.24
2017.0821,88.67
2017.0822,89.59
2017.0823,89.28
2017.0824,88.58
2017.0825,88.35
2017.0828,87.85
2017.0829,87.14
2017.083,87.53
2017.0831,88.1
2017.0901,88.6
2017.0904,87.88
2017.0905,88.21
2017.0906,88.65
2017.0907,90.11
2017.0908,90.54
2017.0911,91.78
2017.0912,91.85
2017.0913,92.28
2017.0914,91.93
2017.0915,92.01
2017.0918,92.11
2017.0919,91.9
2017.092,91.84
2017.0921,91.74
2017.0922,92.09
2017.0925,91.88
2017.0926,91.42
2017.0927,91.66
2017.0928,92.18
2017.0929,92.69
2017.1002,94.08
2017.1004,93.79
2017.1005,94.33
2017.1006,94.3
2017.1009,95.45
2017.101,95.03
2017.1011,94.82
2017.1012,95.18
2017.1013,95.12
2017.1016,94.63
2017.1017,94.52
2017.1018,95.01
2017.1019,95.6
2017.102,95.22
2017.1023,95.99
2017.1024,95.33
2017.1025,95.49
2017.1026,97.26
2017.1027,98.32
2017.103,97.66
2017.1101,100.35
2017.1102,98.79
2017.1103,98.85
2017.1106,99.55
2017.1107,98.49
2017.1108,98.5
2017.1109,96.78
2017.111,96.26
2017.1113,95.96
2017.1114,96.07
2017.1115,95.96
2017.1116,96.34
2017.1117,96.51
2017.112,97
2017.1121,98.25
2017.1122,96.57
2017.1123,96.72
2017.1124,97.25
2017.1127,97.02
2017.1128,97.13
2017.1129,95.34
2017.113,94.65
2017.1201,93.17
2017.1204,94.35
2017.1205,94.56
2017.1206,95
2017.1207,95.11
2017.1208,95.54
2017.1211,94.7
2017.1212,96.19
2017.1213,96.06
2017.1214,96.77
2017.1215,97.35
2017.1218,98.49
2017.1219,97.02
2017.122,95
2017.1221,95.36
2017.1222,94.58
2017.1227,94.98
2017.1228,93.89
2017.1229,93.45
2018.0102,92.8
2018.0103,94.07
2018.0111,91.43
2018.0112,90.73
2018.0115,90.06
2018.0116,90.97
2018.0117,90.47
2018.0118,91.18
2018.0119,92.3
2018.0122,91.78
2018.0123,92.91
2018.0124,92.27
2018.0125,90.8
2018.0126,91.72
2018.0129,92.09
2018.013,90.13
2018.0131,90.83
2018.0201,89.79
2018.0202,88
2018.0205,87.44
2018.0206,85.29
2018.0207,86.28
2018.0208,84.08
2018.0209,82.86
2018.0212,83.28
2018.0213,82.8
2018.0214,83.7
2018.0215,83.86
2018.0216,84.31
2018.0219,83.86
2018.022,84.51
2018.0221,84.5
2018.0222,84.5
2018.0223,84.52
2018.0226,84.85
2018.0227,85.45
2018.0228,86.2
2018.0301,84.1
2018.0302,82.47
2018.0305,84.23
2018.0306,84.55
2018.0307,86.68
2018.0308,87.86
2018.0309,88.39
2018.0312,88.37
2018.0313,87.42
2018.0314,87.24
2018.0315,87.9
2018.0316,87.35
2018.0319,85.79
2018.032,85.4
2018.0321,85.85
2018.0322,85.15
2018.0323,84.07
2018.0326,82.98
2018.0327,84.78
2018.0328,84.42
2018.0329,84.97
2018.0403,84.25
2018.0404,84.06
2018.0405,86.66
2018.0406,86.47
2018.0409,87.37
2018.041,87.51
2018.0411,86.84
2018.0412,87.74
2018.0413,87.97
2018.0416,87.2
2018.0417,88.46
2018.0418,88.54
2018.0419,87.71
2018.042,86.52
2018.0423,87.15
2018.0424,90.21
2018.0425,89.14
2018.0426,90.33
2018.0427,92.02
2018.043,92.42
2018.0502,93.85
2018.0503,93.95
2018.0504,95.44
2018.0507,96
2018.0508,96.51
2018.0509,96.74
2018.051,97.54
2018.0511,97.42
2018.0514,96.85
2018.0515,95.5
2018.0516,96.17
2018.0517,96.95
2018.0518,95.85
2018.0522,96.11
2018.0523,96.42
2018.0524,96.84
2018.0525,97.83
2018.0528,96.64
2018.0529,95.33
2018.053,96.18
2018.0531,96.34
2018.0601,97.33
2018.0604,97.79
2018.0605,99
2018.0606,99.07
2018.0607,99.62
2018.0608,100.44
2018.0611,101.78
2018.0612,101.98
2018.0613,102.82
2018.0614,104.3
2018.0615,103.78
2018.0618,102.5
2018.0619,101.74
2018.062,102.72
2018.0621,101.42
2018.0622,100.9
2018.0625,98.6
2018.0626,98.59
2018.0627,99.95
2018.0628,97.28
2018.0629,98.95
2018.0702,98.3
2018.0703,99.06
2018.0704,97.81
2018.0705,99.17
2018.0706,99.45
2018.0709,101.38
2018.071,102.18
2018.0711,100.48
2018.0712,101.88
2018.0713,102.78
2018.0716,102.64
2018.0717,103.8
2018.0718,104.68
2018.0719,100.98
2018.072,99.99
2018.0723,99.64
2018.0724,100.9
2018.0725,101
2018.0726,103.24
2018.0727,103.14
2018.073,100.2
2018.0731,99.85
2018.0801,99.54
2018.0802,99.09
2018.0803,99.77
2018.0806,99.86
2018.0807,99.39
2018.0808,100.38
2018.0809,100.3
2018.081,98.65
2018.0813,100.1
2018.0814,100.36
2018.0815,99.3
2018.0816,102.06
2018.0817,101.98
2018.082,102.6
2018.0821,102.32
2018.0822,102.54
2018.0823,103.54
2018.0824,103.98
2018.0827,104.7
2018.0828,104.44
2018.0829,104.54
2018.083,104.28
2018.0831,103.62
2018.0903,103.64
2018.0904,102.4
2018.0905,99.22
2018.0906,98.76
2018.0907,100.56
2018.091,101.98
2018.0911,102.84
2018.0912,104.2
2018.0913,103.7
2018.0914,104.2
2018.0917,102.9
2018.0918,103.2
2018.0919,102.14
2018.092,101.64
2018.0921,104.1
2018.0924,103.46
2018.0925,107
2018.0926,107.8
2018.0927,107.8
2018.0928,106
2018.1001,106.68
2018.1002,106.06
2018.1004,106.08
2018.1005,104.22
2018.1008,102.04
2018.1009,103.8
2018.101,98.71
2018.1011,97.08
2018.1012,98.07
2018.1015,98.01
2018.1016,100.96
2018.1017,100.34
2018.1018,94.38
2018.1019,95.3
2018.1022,94.99
2018.1023,92.6
2018.1024,91.68
2018.1025,93.68
2018.1026,92.99
2018.1029,92.63
2018.103,92.61
2018.1031,94.66
2018.1101,93.46
2018.1102,94.39
2018.1105,93.78
2018.1106,93.42
2018.1107,94.62
2018.1108,94.33
2018.1109,95.17
2018.1112,89.8
2018.1113,91.88
2018.1114,91.94
2018.1115,92.15
2018.1116,91.7
2018.1119,88.95
2018.112,88.04
2018.1121,89.3
2018.1122,88.52
2018.1123,89.35
2018.1126,90
2018.1127,90.19
2018.1128,90.83
2018.1129,91.1
2018.113,90.92
2018.1203,92.51
2018.1204,91.95
2018.1205,90.31
2018.1206,87.92
2018.121,88.46
2018.1211,89.85
2018.1212,91.23
2018.1213,90.78
2018.1214,89.94
2018.1217,88.66
2018.1218,87.75
2018.1219,89.22
2018.122,87.77
2018.1221,86.42
2018.1227,85.79
2018.1228,86.93
2019.0102,87.01
2019.0103,84.31
2019.0104,86.44
2019.0107,86.62
2019.0108,87.97
2019.0109,89.18
2019.011,89.44
2019.0111,89
2019.0114,88.07
2019.0115,89.3
2019.0117,90.48
2019.0118,93.1
2019.0121,91.97
2019.0122,91.36
2019.0123,91.6
2019.0124,92.49
2019.0125,92.66
2019.0128,92.36
2019.0129,89.81
2019.013,88.83
2019.0131,90.25
2019.0201,90.79
2019.0204,90.97
2019.0205,92.9
2019.0206,92.91
2019.0207,90.96
2019.0208,91.66
2019.0211,92.47
2019.0212,92.4
2019.0213,93.36
2019.0214,93.56
2019.0215,94.3
2019.0218,94.21
2019.0219,94.02
2019.022,94.45
2019.0221,94.77
2019.0222,95.41
2019.0225,94.98
2019.0226,94.52
2019.0227,93.81
2019.0228,94.2
2019.0301,94.89
2019.0304,94.68
2019.0305,95.37
2019.0306,95.2
2019.0307,95.32
2019.0308,95.6
2019.0311,95.84
2019.0312,95.6
2019.0313,96.4
2019.0314,97
2019.0315,99.35
2019.0318,98.85
2019.0319,100.14
2019.032,100.1
2019.0321,100.1
2019.0322,98.68
2019.0325,98.64
2019.0326,100.86
2019.0327,100.24
2019.0328,101.44
2019.0329,103
2019.0401,103
2019.0402,103.1
2019.0403,103.84
2019.0404,103.64
2019.0405,102.5
2019.0408,101.88
2019.0409,98.38
2019.041,99.7
2019.0411,99.67
2019.0412,99.39
2019.0415,99.76
2019.0416,99.47
2019.0417,99.37
2019.0418,100.48
2019.0423,101.84
2019.0424,114.62
2019.0425,115.04
2019.0426,114.34
2019.0429,115
2019.043,114.58
2019.0502,113.1
2019.0503,113.66
2019.0506,112.5
2019.0507,110.06
2019.0508,111.1
2019.0509,110.08
2019.051,110.24
2019.0513,109.9
2019.0514,111.92
2019.0515,112.96
2019.0516,116.08
2019.0517,114.6
2019.052,111.9
2019.0521,113.76
2019.0522,115.68
2019.0523,113.18
2019.0524,113.62
2019.0527,113.72
2019.0528,113.16
2019.0529,111.2
2019.053,112
2019.0531,110.42
2019.0603,111.22
2019.0604,111.14
2019.0605,111.96
2019.0606,111.38
2019.0607,113.72
2019.0611,113.18
2019.0612,113.32
2019.0613,114.44
2019.0614,113.54
2019.0617,114.62
2019.0618,118.16
2019.0619,116.98
2019.062,118.72
2019.0621,118.5
2019.0624,118.82
2019.0625,118.46
2019.0626,118.5
2019.0627,118
2019.0628,120.76
2019.0701,122.26
2019.0702,123.5
2019.0703,124.38
2019.0704,123.76
2019.0705,122.82
2019.0708,123.2
2019.0709,123
2019.071,121.9
2019.0711,121.92
2019.0712,121.06
2019.0715,121.42
2019.0716,120.98
2019.0717,120.06
2019.0718,113.32
2019.0719,112
2019.0722,111.24
2019.0723,112.46
2019.0724,113.78
2019.0725,112.22
2019.0726,114.1
2019.0729,113.42
2019.073,110.58
2019.0731,111.72
2019.0801,113.18
2019.0802,109.36
2019.0805,106.18
2019.0806,104
2019.0807,106.2
2019.0808,108.66
2019.0809,106.08
2019.0812,106.34
2019.0813,107.62
2019.0814,105.48
2019.0815,105.74
2019.0816,107.3
2019.0819,107.98
2019.082,106.86
2019.0821,109.86
2019.0822,107.48
2019.0823,106.38
2019.0826,106.72
2019.0827,108.54
2019.0828,107.12
2019.0829,108.38
2019.083,108.6
2019.0902,108.36
2019.0903,108.3
2019.0904,109.22
2019.0905,111.48
2019.0906,111.3
2019.0909,110.2
2019.091,108.74
2019.0911,109.14
2019.0912,109.34
2019.0913,107.88
2019.0916,106.48
2019.0917,108.26
2019.0918,108.5
2019.0919,109.1
2019.092,109.86
2019.0923,108.12
2019.0924,108.38
2019.0925,106.7
2019.0926,107.5
2019.0927,107.8
2019.093,107.88
2019.1001,106.86
2019.1002,103.34
2019.1004,104.84
2019.1007,104.28
2019.1008,103.66
2019.1009,105.9
2019.101,104.94
2019.1011,115.68
2019.1014,114.76
2019.1015,115.48
2019.1016,116.64
2019.1017,116
2019.1018,115.82
2019.1021,118.74
2019.1022,119.5
2019.1023,118.46
2019.1024,118.88
2019.1025,119.22
2019.1028,119.7
2019.1029,118.9
2019.103,119.4
2019.1031,118.8
2019.1101,119.62
2019.1104,120.82
2019.1105,120.36
2019.1106,122.08
2019.1107,122.7
2019.1108,123.26
2019.1111,123.54
2019.1112,123.34
2019.1113,122.12
2019.1114,121.56
2019.1115,122.6
2019.1118,122.06
2019.1119,122.66
2019.112,122.26
2019.1121,122.36
2019.1122,122.8
2019.1125,123.36
2019.1126,122.4
2019.1127,123.04
2019.1128,122.52
2019.1129,123.48
2019.1202,119.44
2019.1203,120.16
2019.1204,122.08
2019.1205,121.24
2019.1206,122.2
2019.1209,121.94
2019.121,121.74
2019.1211,121.4
2019.1212,122.12
2019.1213,124.16
2019.1216,124.62
2019.1217,120.64
2019.1218,119.58
2019.1219,119.56
2019.122,120.94
2019.1223,120.76
2019.1227,121.4
2019.123,120.32
2020.0102,122
2020.0103,120.46
2020.0106,119.56
2020.0107,120.1
2020.0108,120.82
2020.0109,123.16
2020.011,123.76
2020.0113,123.76
2020.0114,123.6
2020.0115,123
2020.0116,122.44
2020.0117,125.96
2020.012,125.66
2020.0121,126.2
2020.0122,126.6
2020.0123,123.84
2020.0124,126.9
2020.0127,122.46
2020.0128,119.84
2020.0129,120
2020.013,118.18
2020.0131,117.82
2020.0203,120
2020.0204,122.98
2020.0205,124.6
2020.0206,124.42
2020.0207,124.08
2020.021,123.66
2020.0211,125.36
2020.0212,126.82
2020.0213,126.8
2020.0214,127.14
2020.0217,127.4
2020.0218,127.32
2020.0219,129.44
2020.022,127.8
2020.0221,126.16
2020.0224,121.24
2020.0225,119.28
2020.0226,118.76
